mean_fit_time,std_fit_time,mean_score_time,std_score_time,param_C,params,split0_test_score,split1_test_score,split2_test_score,split3_test_score,split4_test_score,mean_test_score,std_test_score,rank_test_score
1.7991726875305176,0.3408996172852844,0.03108506202697754,0.003987164303026629,0.01,{'C': 0.01},0.8515242457747592,0.8513662928447323,0.8504185752645712,0.851682198704786,0.8453640815037119,0.8500710788185122,0.0023942246496915535,1
1.8901062488555909,0.20561892744354782,0.02736072540283203,0.008488981065297245,0.1,{'C': 0.1},0.8515242457747592,0.8507344811246249,0.8501026694045175,0.8515242457747592,0.8450481756436582,0.8497867635444638,0.0024285744550665207,2
1.6305229663848877,0.1629014464352448,0.012032318115234374,0.0017585181120384618,1.0,{'C': 1},0.8512083399147055,0.8507344811246249,0.8501026694045175,0.8513662928447323,0.845206128573685,0.849723582372453,0.00230113079784861,5
1.477410078048706,0.07426586502789631,0.011412763595581054,0.003562343077790915,10.0,{'C': 10},0.8512083399147055,0.8507344811246249,0.8501026694045175,0.8515242457747592,0.845206128573685,0.8497551729584585,0.002324431797712497,3
1.1978785514831543,0.24811916462507502,0.007905197143554688,0.0021485067808159307,100.0,{'C': 100},0.8512083399147055,0.8507344811246249,0.8501026694045175,0.8515242457747592,0.845206128573685,0.8497551729584585,0.002324431797712497,3
